,Churn,Books,Clothing,Electronics,Health,Home,Female,Male,Age_Group,Annual_Income_Group,Total_Purchases_Group,Average_Purchase_Value_Group,Website_Visits_Last_Month_Group,Marketing_Emails_Opened_Group,Hours_Spent_on_Support_Calls_Group
0,0.844,0.788,0.782,0.801,0.822,0.807,0.489,0.511,,,,,,,
1,0.156,0.212,0.218,0.199,0.178,0.193,0.511,0.489,0.004004004004004004,0.019,0.1091091091091091,0.051,0.07807807807807808,0.050505050505050504,0.875
2,,,,,,,,,0.05305305305305305,0.211,0.5335335335335335,0.454,0.4064064064064064,0.33636363636363636,0.107
3,,,,,,,,,0.25625625625625625,0.51,0.3073073073073073,0.454,0.3033033033033033,0.43434343434343436,0.013
4,,,,,,,,,0.3813813813813814,0.238,0.04904904904904905,0.041,0.18518518518518517,0.1787878787878788,0.003
5,,,,,,,,,0.23123123123123124,0.022,0.001001001001001001,,0.02702702702702703,,0.002
6,,,,,,,,,0.06806806806806807,,,,,,
7,,,,,,,,,0.006006006006006006,,,,,,
